<?xml version="1.0" encoding="UTF-8"?>
<project-private xmlns="http://www.netbeans.org/ns/project-private/1">
    <editor-bookmarks xmlns="http://www.netbeans.org/ns/editor-bookmarks/2" lastBookmarkId="0"/>
    <open-files xmlns="http://www.netbeans.org/ns/projectui-open-files/2">
        <group>
            <file>file:/C:/Users/iayfn/source/repos/CMPSC%20221/CourseSchedulerIAY5016/src/SemesterQueries.java</file>
            <file>file:/C:/Users/iayfn/source/repos/CMPSC%20221/CourseSchedulerIAY5016/src/ClassDescription.java</file>
            <file>file:/C:/Users/iayfn/source/repos/CMPSC%20221/CourseSchedulerIAY5016/src/CourseEntry.java</file>
            <file>file:/C:/Users/iayfn/source/repos/CMPSC%20221/CourseSchedulerIAY5016/src/StudentQueries.java</file>
            <file>file:/C:/Users/iayfn/source/repos/CMPSC%20221/CourseSchedulerIAY5016/src/MainFrame.java</file>
            <file>file:/C:/Users/iayfn/source/repos/CMPSC%20221/CourseSchedulerIAY5016/src/CourseQueries.java</file>
            <file>file:/C:/Users/iayfn/source/repos/CMPSC%20221/CourseSchedulerIAY5016/src/ClassQueries.java</file>
            <file>file:/C:/Users/iayfn/source/repos/CMPSC%20221/CourseSchedulerIAY5016/src/ScheduleQueries.java</file>
            <file>file:/C:/Users/iayfn/source/repos/CMPSC%20221/CourseSchedulerIAY5016/src/ClassEntry.java</file>
            <file>file:/C:/Users/iayfn/source/repos/CMPSC%20221/CourseSchedulerIAY5016/src/StudentEntry.java</file>
            <file>file:/C:/Users/iayfn/source/repos/CMPSC%20221/CourseSchedulerIAY5016/src/MultiTableQueries.java</file>
            <file>file:/C:/Users/iayfn/source/repos/CMPSC%20221/CourseSchedulerIAY5016/src/ScheduleEntry.java</file>
            <file>file:/C:/Users/iayfn/source/repos/CMPSC%20221/CourseSchedulerIAY5016/src/DBConnection.java</file>
        </group>
    </open-files>
</project-private>
